Date,Open,High,Low,Close,Volume
2019-06-03,148.0,149.9,144.5,149.45,40272408.0
2019-06-04,148.8,153.85,148.55,152.8,45560540.0
2019-06-06,148.45,151.2,142.3,143.4,65169529.0
2019-06-07,143.4,145.45,136.15,139.9,66206668.0
2019-06-10,141.9,145.0,132.55,135.9,86398912.0
2019-06-11,135.0,143.5,133.75,139.55,80946657.0
2019-06-12,136.0,137.8,133.6,134.75,56236715.0
2019-06-13,130.8,130.8,116.0,117.1,197154833.0
2019-06-14,118.5,121.0,112.85,115.05,155169990.0
2019-06-17,118.0,118.35,113.75,116.15,84436078.0
2019-06-18,116.0,117.5,107.1,109.3,116604528.0
2019-06-19,109.0,111.45,101.3,103.2,126458237.0
2019-06-20,102.0,115.9,98.7,114.55,159393077.0
2019-06-21,114.55,114.8,108.25,109.6,106421502.0
2019-06-24,112.0,114.0,108.85,111.95,79695315.0
2019-06-25,111.0,112.5,109.1,110.05,56892279.0
2019-06-26,109.0,114.65,108.4,113.05,72879532.0
2019-06-27,113.05,114.5,111.8,112.4,51280994.0
2019-06-28,112.5,113.0,107.5,108.75,68854685.0
2019-07-01,109.5,110.5,107.65,109.15,42545442.0
2019-07-02,108.05,108.05,99.8,100.8,149669579.0
2019-07-03,100.75,103.8,98.85,99.75,112667717.0
2019-07-04,101.0,102.15,95.2,96.25,108105010.0
2019-07-05,95.0,96.85,87.4,88.15,220546903.0
2019-07-08,87.0,94.6,85.65,93.15,197675527.0
2019-07-09,95.0,97.0,90.3,91.35,137863884.0
2019-07-10,92.15,94.0,91.5,93.0,75776545.0
2019-07-11,94.0,95.0,90.7,92.45,73432269.0
2019-07-12,93.25,94.85,91.65,94.2,60702978.0
2019-07-15,95.0,99.3,92.55,93.2,126736904.0
2019-07-16,94.0,106.5,92.25,103.85,228682135.0
2019-07-17,108.5,108.5,97.55,98.4,238375009.0
2019-07-18,88.6,90.25,79.15,85.8,229258092.0
2019-07-19,86.0,86.9,82.6,83.25,145863654.0
2019-07-22,83.3,92.5,81.7,91.15,208758719.0
2019-07-23,89.0,93.9,87.1,90.65,164964349.0
2019-07-24,91.5,93.65,88.15,89.15,104007122.0
2019-07-25,88.4,90.4,85.85,87.65,113015178.0
2019-07-26,88.75,96.9,87.1,96.05,186097455.0
2019-07-29,95.7,98.7,91.35,94.75,138287221.0
2019-07-30,95.0,96.3,81.15,86.05,120979045.0
2019-07-31,86.0,92.35,84.75,91.2,133054947.0
2019-08-01,88.95,91.3,85.75,88.4,111842102.0
2019-08-02,87.8,90.9,86.8,88.3,106397716.0
2019-08-05,88.0,88.0,79.5,81.1,136352605.0
2019-08-06,80.9,86.65,79.7,85.35,134819814.0
2019-08-07,86.5,92.0,86.1,86.85,171429816.0
2019-08-08,89.25,89.9,84.8,89.2,122325009.0
2019-08-09,91.8,92.45,81.15,82.15,187030766.0
2019-08-13,84.0,84.2,72.85,73.6,206712601.0
2019-08-14,74.9,77.9,70.55,76.55,173114134.0
2019-08-16,79.0,81.45,76.85,79.45,143478784.0
2019-08-19,79.45,80.75,76.0,76.65,127652182.0
2019-08-20,76.95,76.95,70.5,71.2,167966737.0
2019-08-21,71.2,71.5,64.55,65.4,228212985.0
2019-08-22,66.4,67.7,53.2,56.3,314692568.0
2019-08-23,56.4,61.25,54.75,59.25,309367850.0
2019-08-26,62.95,64.7,57.35,62.9,277799302.0
2019-08-27,62.9,65.35,62.5,64.5,190996863.0
2019-08-28,64.5,65.15,58.05,59.5,223167624.0
2019-08-29,59.25,59.3,55.0,57.4,188754023.0
2019-08-30,58.25,60.95,55.5,59.95,226395035.0
2019-09-03,59.25,62.3,57.65,58.75,196326964.0
2019-09-04,58.35,60.3,57.25,59.45,143742201.0
2019-09-05,59.7,62.35,58.85,61.95,177919556.0
2019-09-06,61.3,62.15,59.6,60.4,130716447.0
2019-09-09,60.1,64.1,59.85,63.1,150897861.0
2019-09-11,66.0,75.45,65.0,71.6,332938591.0
2019-09-12,71.8,72.2,67.15,67.95,221839869.0
2019-09-13,67.0,69.5,64.1,68.55,278285524.0
2019-09-16,67.6,68.2,65.95,67.05,128189225.0
2019-09-17,67.1,68.8,64.65,65.1,150932029.0
2019-09-18,66.0,66.45,61.7,64.1,186937027.0
2019-09-19,64.7,64.8,53.0,54.1,321270950.0
2019-09-20,53.7,59.9,52.7,55.5,398347296.0
2019-09-23,57.0,57.5,52.9,55.45,221169297.0
2019-09-24,54.9,57.65,53.55,56.05,171828060.0
2019-09-25,55.9,56.85,53.1,53.7,152430784.0
2019-09-26,53.9,54.25,50.55,51.05,249670424.0
2019-09-27,50.0,52.9,48.4,48.75,306867611.0
2019-09-30,48.25,49.1,40.95,41.4,356666325.0
2019-10-01,42.0,44.3,29.0,32.0,808959169.0
2019-10-03,35.2,43.45,35.2,42.5,584506441.0
2019-10-04,45.0,45.9,40.95,42.15,512643766.0
2019-10-07,45.95,46.8,42.8,45.65,355287494.0
2019-10-09,45.45,45.45,41.05,43.25,343533101.0
2019-10-10,41.7,42.7,40.15,40.95,207266038.0
2019-10-11,41.0,42.0,37.0,39.6,339478520.0
2019-10-14,39.9,41.5,38.8,40.1,223727101.0
2019-10-15,41.1,41.45,39.0,40.6,193601940.0
2019-10-16,40.6,42.05,39.8,41.05,188799876.0
2019-10-17,41.9,48.2,40.7,47.4,422749767.0
2019-10-18,46.6,52.7,46.0,51.4,441645534.0
2019-10-22,53.0,56.6,50.25,51.8,407437580.0
2019-10-23,51.8,53.5,49.2,51.2,296722600.0
2019-10-24,51.2,52.55,47.45,48.3,230787323.0
2019-10-25,48.65,54.3,45.75,52.15,346577924.0
2019-10-27,55.2,56.45,54.15,54.75,74992659.0
2019-10-29,54.35,59.9,53.1,58.15,368611147.0
2019-10-30,59.1,59.45,56.0,56.8,256297926.0
2019-10-31,56.1,78.7,54.9,70.4,836967454.0
2019-11-01,71.0,71.85,65.0,66.6,431574597.0
2019-11-04,59.95,71.3,56.65,66.15,420997681.0
2019-11-05,70.3,72.0,67.2,68.3,294896159.0
2019-11-06,68.55,71.15,67.55,68.7,226082900.0
2019-11-07,68.0,69.3,66.0,66.45,189859140.0
2019-11-08,65.9,72.3,64.3,68.95,413106980.0
2019-11-11,70.0,73.55,69.15,73.0,263947818.0
2019-11-13,74.4,75.3,67.1,68.2,317911123.0
2019-11-14,68.85,70.8,67.1,68.75,195114955.0
2019-11-15,69.2,70.2,68.3,68.7,129526064.0
2019-11-18,69.25,69.25,65.4,65.85,178150594.0
2019-11-19,65.0,67.25,63.05,64.15,239228500.0
2019-11-20,62.1,66.45,62.0,65.85,229215332.0
2019-11-21,66.9,66.9,63.8,64.25,133531524.0
2019-11-22,64.25,66.15,64.0,64.8,121791625.0
2019-11-25,64.95,65.5,62.3,63.75,171923335.0
2019-11-26,64.6,67.5,62.55,63.15,399791670.0
2019-11-27,68.1,69.0,65.65,68.25,254612192.0
2019-11-28,69.0,70.65,68.35,70.05,223021365.0
2019-11-29,72.0,74.0,67.55,68.3,428332393.0
2019-12-02,69.0,69.3,63.05,64.05,361756071.0
2019-12-03,64.1,65.25,59.0,59.5,297142445.0
2019-12-04,58.55,63.45,56.65,63.0,340845428.0
2019-12-05,63.0,64.0,60.85,62.1,224990595.0
2019-12-06,60.1,60.75,55.15,56.0,282441286.0
2019-12-09,56.0,58.85,53.75,56.25,314839590.0
2019-12-10,54.8,56.35,48.55,50.55,345518744.0
2019-12-11,47.25,49.4,40.75,42.8,661012673.0
2019-12-12,43.15,48.8,42.8,45.35,398199436.0
2019-12-13,45.5,47.65,45.4,46.65,201459985.0
2019-12-16,47.25,48.0,45.95,46.8,172273653.0
2019-12-17,47.4,48.2,46.85,47.6,130789036.0
2019-12-18,48.0,48.2,46.0,46.75,130282558.0
2019-12-19,46.0,51.4,44.95,49.9,307936405.0
2019-12-20,49.5,53.5,48.3,51.4,359647922.0
2019-12-23,50.75,52.3,48.7,49.65,276776855.0
2019-12-24,50.15,52.0,50.05,51.2,242779981.0
2019-12-26,51.0,51.6,48.25,48.65,216380349.0
2019-12-27,49.5,49.75,47.65,48.0,154956583.0
2019-12-30,47.9,48.95,46.65,47.35,152510288.0
2019-12-31,47.3,48.05,46.35,46.95,141422188.0
2020-01-01,46.95,47.5,46.5,46.65,102291841.0
2020-01-02,46.8,48.5,46.4,47.35,122242838.0
2020-01-03,47.35,48.25,46.85,47.1,94827592.0
2020-01-06,46.75,46.75,45.0,45.15,102880221.0
2020-01-07,45.7,46.4,43.95,45.05,111094678.0
2020-01-08,46.25,47.2,45.3,46.05,140074287.0
2020-01-09,47.0,48.5,46.3,47.3,152025694.0
2020-01-10,47.95,48.35,43.8,44.75,303072426.0
2020-01-13,43.4,43.9,41.05,42.1,194734026.0
2020-01-14,41.75,41.75,36.55,38.55,314975429.0
2020-01-15,38.45,41.1,36.65,39.75,400694734.0
2020-01-16,40.15,40.9,39.75,39.95,126354618.0
2020-01-17,37.6,39.55,37.0,39.25,125635833.0
2020-01-20,39.5,40.2,38.45,38.65,89703186.0
2020-01-21,38.6,39.2,38.1,38.35,67215936.0
2020-01-22,38.7,39.0,38.0,38.45,62400795.0
2020-01-23,38.55,41.4,38.35,40.95,178774952.0
2020-01-24,41.2,45.0,41.1,42.8,289854100.0
2020-01-27,42.3,43.45,41.85,42.4,134241973.0
2020-01-28,42.5,43.3,41.25,41.65,106167368.0
2020-01-29,41.85,42.35,41.0,41.2,141475654.0
2020-01-30,40.8,40.85,38.55,39.05,150556233.0
2020-01-31,39.3,40.2,38.7,39.25,117636393.0
2020-02-01,39.15,40.2,37.6,37.9,101654980.0
2020-02-03,37.95,38.4,35.7,36.0,148030362.0
2020-02-04,36.15,36.4,34.45,34.95,138230643.0
2020-02-05,35.1,39.7,34.05,37.6,281100614.0
2020-02-06,37.9,39.5,37.8,38.55,135268292.0
2020-02-07,38.8,39.95,38.15,38.7,127163152.0
2020-02-10,40.0,40.75,37.1,37.55,142245961.0
2020-02-11,37.75,38.1,36.7,36.85,96791648.0
2020-02-12,36.75,36.75,35.05,35.2,101372754.0
2020-02-13,36.95,38.0,36.0,37.2,168339964.0
2020-02-14,37.5,40.2,37.5,38.9,187898337.0
2020-02-17,39.5,40.1,36.6,37.15,116075992.0
2020-02-18,37.35,37.5,33.65,35.05,229070225.0
2020-02-19,34.0,36.2,33.6,35.3,127701131.0
2020-02-20,35.3,36.5,34.65,35.45,119436898.0
2020-02-24,35.5,35.9,34.15,34.95,105851722.0
2020-02-25,35.25,36.0,34.75,35.15,88184594.0
2020-02-26,34.9,37.05,34.45,36.55,149229469.0
2020-02-27,37.3,37.95,36.0,36.8,164315370.0
2020-02-28,35.15,35.85,34.3,34.6,141720001.0
2020-03-02,35.2,35.55,29.8,31.55,127750922.0
2020-03-03,32.45,33.3,30.5,31.2,164268356.0
2020-03-04,31.5,31.7,28.7,29.3,202851281.0
2020-03-05,29.4,37.85,28.0,36.8,784703310.0
2020-03-06,33.15,33.15,5.65,16.15,1264917719.0
2020-03-09,17.0,22.8,16.2,21.25,727571816.0
2020-03-11,23.35,29.6,23.35,28.8,413676527.0
2020-03-12,28.7,28.7,17.45,25.05,337812521.0
2020-03-13,22.55,27.7,21.35,25.55,276663954.0
2020-03-16,26.7,40.4,26.05,37.1,166521851.0
2020-03-17,40.8,64.9,40.8,58.65,223463025.0
2020-03-18,64.5,87.3,49.9,60.45,364152383.0
2020-03-19,61.65,61.8,42.8,53.85,147327988.0
2020-03-20,59.2,67.3,41.25,45.85,118192981.0
2020-03-23,41.3,49.5,39.25,39.75,93894255.0
2020-03-24,43.65,43.7,34.55,35.0,79664287.0
2020-03-25,35.3,35.5,28.5,29.6,95160537.0
2020-03-26,29.35,31.0,25.2,26.6,119575530.0
2020-03-27,29.05,33.25,26.0,26.35,118572207.0
2020-03-30,27.65,27.7,24.55,24.9,54983098.0
2020-03-31,25.55,25.55,22.05,22.45,75272601.0
2020-04-01,22.0,24.65,20.25,23.95,90387201.0
2020-04-03,24.5,24.95,22.8,24.1,45326980.0
2020-04-07,25.4,25.4,23.8,24.55,35071970.0
2020-04-08,24.5,25.5,23.3,24.75,37250348.0
2020-04-09,25.0,25.3,24.5,24.9,26334529.0
2020-04-13,25.0,25.0,23.55,24.1,26107072.0
2020-04-15,24.1,25.95,23.85,24.5,39619400.0
2020-04-16,24.3,24.95,24.05,24.6,18765964.0
2020-04-17,25.1,25.5,24.7,25.1,26605391.0
2020-04-20,25.6,30.1,25.1,29.45,114977373.0
2020-04-21,29.4,30.45,27.55,29.65,76224557.0
2020-04-22,29.0,30.3,28.8,29.6,35026262.0
2020-04-23,29.6,29.9,27.85,28.3,33488476.0
2020-04-24,28.05,28.15,26.3,26.6,34135568.0
2020-04-27,26.8,27.7,25.9,27.05,32510645.0
2020-04-28,27.25,27.8,26.85,27.25,18704468.0
2020-04-29,27.0,29.35,26.6,28.05,42492004.0
2020-04-30,28.7,28.95,27.7,27.9,32094929.0
2020-05-04,27.5,27.65,26.6,27.05,22743110.0
2020-05-05,27.4,27.65,26.5,26.6,16870245.0
2020-05-06,26.4,26.75,25.0,26.3,22891215.0
2020-05-07,25.75,31.55,25.55,28.1,99686585.0
2020-05-08,28.1,28.8,26.65,27.05,28714694.0
2020-05-11,27.25,28.05,26.7,27.8,29809727.0
2020-05-12,27.7,28.4,26.85,27.95,21395834.0
2020-05-13,29.0,29.45,28.1,28.65,25829898.0
2020-05-14,28.4,28.8,27.9,28.2,13377407.0
2020-05-15,28.2,29.0,27.3,28.7,23447394.0
2020-05-18,28.65,28.65,26.8,27.55,20466695.0
2020-05-19,27.7,28.0,27.1,27.4,16161651.0
2020-05-20,27.15,27.6,27.1,27.15,9932936.0
2020-05-21,27.2,27.6,26.8,26.9,12109506.0
2020-05-22,26.95,27.0,26.0,26.55,14604827.0
2020-05-26,26.95,28.15,26.35,27.4,19431968.0
2020-05-27,27.45,27.9,27.35,27.6,12273293.0
2020-05-28,27.85,28.8,26.85,27.0,27673481.0
2020-05-29,26.5,27.4,26.5,26.85,15150164.0
2020-06-01,27.55,27.6,27.0,27.15,11175200.0
2020-06-02,27.25,27.4,27.05,27.15,10006691.0
2020-06-03,27.6,29.4,27.25,27.95,31713741.0
2020-06-04,28.0,28.7,27.8,27.95,12148979.0
2020-06-05,28.0,29.2,28.0,28.85,18870401.0
2020-06-08,29.6,32.0,29.0,30.6,49257680.0
2020-06-09,31.0,31.6,29.7,29.85,23134391.0
2020-06-10,30.35,30.75,30.0,30.4,15647848.0
2020-06-11,30.6,31.7,29.6,29.8,20837420.0
2020-06-12,28.0,29.7,28.0,29.5,12412232.0
2020-06-15,30.0,30.8,28.8,29.0,13440399.0
2020-06-16,29.5,29.95,27.55,28.4,22459083.0
2020-06-17,27.35,28.3,27.05,27.65,12798061.0
2020-06-18,27.7,28.2,27.4,28.0,11551012.0
2020-06-19,28.2,28.3,27.9,28.0,9275438.0
2020-06-22,28.1,28.5,27.35,27.75,19374480.0
2020-06-23,27.8,27.8,27.4,27.55,16733550.0
2020-06-24,27.8,27.8,27.05,27.05,14015494.0
2020-06-25,27.05,27.25,26.55,27.0,9662127.0
2020-06-26,27.2,27.25,26.6,26.75,12130891.0
2020-06-29,26.8,26.9,26.0,26.1,10632406.0
2020-06-30,26.5,26.6,25.5,25.6,16166021.0
2020-07-01,25.75,28.35,25.0,26.9,27490306.0
2020-07-02,27.3,27.3,26.05,26.25,15605957.0
2020-07-03,26.5,26.55,25.8,26.15,14816009.0
2020-07-06,26.4,26.45,25.95,26.05,12734350.0
2020-07-07,26.05,26.1,25.5,25.75,19466396.0
2020-07-08,25.2,27.1,24.0,26.05,33211696.0
2020-07-09,27.5,27.5,26.2,26.65,42188239.0
2020-07-10,26.7,26.75,24.2,25.55,54312841.0
2020-07-13,22.05,23.5,21.0,22.05,70087262.0
2020-07-14,21.8,21.8,20.3,20.95,36853467.0
2020-07-15,20.5,22.0,20.3,20.45,43266944.0
2020-07-16,20.0,20.25,18.7,19.2,38231469.0
2020-07-17,18.4,20.4,18.1,19.8,71216655.0
2020-07-20,19.8,19.95,18.7,19.45,36859961.0
2020-07-21,19.0,19.45,18.8,19.3,27568130.0
2020-07-22,18.65,19.0,18.05,18.25,47895059.0
2020-07-23,14.6,16.45,14.6,14.75,453542330.0
2020-07-24,14.0,14.4,13.55,13.65,455416170.0
2020-07-27,12.3,12.3,12.3,12.3,299502649.0
2020-07-28,11.1,11.95,11.1,11.9,1057437063.0
2020-07-29,12.0,12.3,11.65,11.7,596484508.0
2020-07-30,11.95,12.1,11.85,11.95,224040797.0
2020-07-31,12.05,12.1,11.9,11.95,120256191.0
2020-08-03,12.0,12.05,11.9,12.0,90338901.0
2020-08-04,12.3,12.4,12.15,12.25,157100547.0
2020-08-05,12.25,12.85,12.2,12.85,372810294.0
2020-08-06,13.45,13.45,13.15,13.45,426044874.0
2020-08-07,14.0,14.1,13.35,14.1,706276532.0
2020-08-10,14.5,14.8,14.3,14.8,221530509.0
2020-08-11,15.5,15.5,15.5,15.5,34750937.0
2020-08-12,16.25,16.25,16.25,16.25,31868264.0
2020-08-13,17.05,17.05,15.65,15.85,722526435.0
2020-08-14,15.9,15.9,15.1,15.1,190650308.0
2020-08-17,14.7,14.9,14.35,14.35,276756159.0
2020-08-18,14.1,15.05,13.9,15.05,404138747.0
2020-08-19,15.5,15.8,15.35,15.8,257897804.0
2020-08-20,15.8,16.4,15.35,15.75,401515211.0
2020-08-21,16.0,16.1,15.3,15.55,146222743.0
2020-08-24,15.25,15.45,14.8,14.8,331334545.0
2020-08-25,14.75,15.0,14.35,14.75,206511513.0
2020-08-26,14.85,14.9,14.6,14.65,107574332.0
2020-08-27,14.75,14.9,14.6,14.7,99012198.0
2020-08-28,15.1,15.4,14.9,15.0,273203064.0
2020-08-31,15.35,15.6,14.3,14.35,244901648.0
2020-09-01,14.35,15.0,13.95,14.65,171000391.0
2020-09-02,14.8,14.8,14.2,14.4,94397816.0
2020-09-03,14.4,14.8,14.2,14.6,112781463.0
2020-09-04,14.2,14.45,14.05,14.25,85875336.0
2020-09-07,14.25,14.3,14.05,14.1,86413060.0
2020-09-08,14.1,14.15,13.9,13.95,68600478.0
2020-09-09,13.7,13.75,13.3,13.65,142136762.0
2020-09-10,13.75,14.15,13.65,13.9,93293387.0
2020-09-11,14.35,14.55,14.25,14.55,147448561.0
2020-09-14,14.95,15.25,14.55,14.75,332730618.0
2020-09-15,14.85,14.95,14.45,14.55,83557205.0
2020-09-16,14.6,14.6,14.2,14.25,86653977.0
2020-09-17,14.0,14.25,13.65,14.1,99052672.0
2020-09-18,14.1,14.25,13.95,14.0,63809876.0
2020-09-21,14.0,14.05,13.5,13.55,92795987.0
2020-09-22,13.5,13.5,12.95,13.2,125134164.0
2020-09-23,13.4,13.5,13.0,13.15,85130015.0
2020-09-24,13.0,13.05,12.75,12.95,111613938.0
2020-09-25,13.0,13.55,13.0,13.35,113065904.0
2020-09-28,13.5,13.85,13.35,13.55,73635342.0
2020-09-29,13.6,13.65,13.3,13.35,65135830.0
2020-09-30,13.4,13.4,13.1,13.15,40588298.0
2020-10-01,13.3,13.5,13.15,13.3,45037255.0
2020-10-05,13.45,13.65,13.3,13.35,52856809.0
2020-10-06,13.35,13.45,13.15,13.3,41178658.0
2020-10-07,13.3,13.3,13.1,13.15,31462083.0
2020-10-08,13.2,13.25,13.1,13.1,36033569.0
2020-10-09,13.05,13.2,13.0,13.15,48960826.0
2020-10-12,13.2,13.35,12.95,13.0,86134568.0
2020-10-13,12.95,13.15,12.8,12.95,63119167.0
2020-10-14,12.9,12.95,12.8,12.9,63100944.0
2020-10-15,12.9,12.9,12.6,12.65,53995047.0
2020-10-16,12.55,12.75,12.5,12.65,60457698.0
2020-10-19,12.85,13.05,12.8,12.9,52213176.0
2020-10-20,12.9,12.95,12.8,12.9,36303877.0
2020-10-21,13.0,13.15,12.65,12.95,76142455.0
2020-10-22,12.9,12.95,12.65,12.7,60897141.0
2020-10-23,12.7,13.3,12.65,13.3,73135761.0
2020-10-26,13.95,13.95,12.9,13.15,187495833.0
2020-10-27,13.05,13.1,12.7,12.85,96605827.0
2020-10-28,12.8,12.8,12.5,12.5,98696329.0
2020-10-29,12.3,12.45,12.15,12.4,58771611.0
2020-10-30,12.4,12.6,12.3,12.4,52899394.0
2020-11-02,12.45,12.5,12.2,12.25,49849401.0
2020-11-03,12.4,12.4,12.25,12.25,47277462.0
2020-11-04,12.3,12.4,12.2,12.25,45799739.0
2020-11-05,12.25,12.4,12.25,12.3,32619961.0
2020-11-06,12.3,12.35,12.2,12.3,83956341.0
2020-11-09,12.35,12.9,12.25,12.9,128615608.0
2020-11-10,13.5,13.5,13.5,13.5,80270780.0
2020-11-11,14.15,14.15,14.15,14.15,54007188.0
2020-11-12,14.7,14.7,13.6,14.35,480646515.0
2020-11-13,14.25,14.85,13.95,14.55,232152650.0
2020-11-14,14.8,14.9,14.5,14.55,66249326.0
2020-11-17,14.65,14.7,14.4,14.65,192776749.0
2020-11-18,14.65,14.85,14.45,14.7,207060545.0
2020-11-19,14.55,14.7,14.05,14.25,200887914.0
2020-11-20,14.3,14.65,14.1,14.55,183959497.0
2020-11-23,14.65,14.9,14.25,14.55,305463387.0
2020-11-24,14.6,14.75,14.5,14.7,173079102.0
2020-11-25,14.75,14.75,14.05,14.15,157534267.0
2020-11-26,14.15,14.25,13.85,14.1,126306469.0
2020-11-27,14.2,14.8,14.05,14.7,1095161050.0
2020-12-01,15.4,15.4,15.05,15.4,384256021.0
2020-12-02,15.7,15.9,14.85,15.45,311349886.0
2020-12-03,15.65,15.8,15.25,15.45,152445535.0
2020-12-04,15.6,15.6,15.05,15.35,149691622.0
2020-12-07,15.65,15.85,15.5,15.75,193242183.0
2020-12-08,16.0,17.3,16.0,17.3,562741066.0
2020-12-09,18.25,19.0,18.05,19.0,488175314.0
2020-12-10,20.0,20.75,19.15,20.45,662896680.0
2020-12-11,20.75,20.75,19.45,19.45,444459632.0
2020-12-14,19.4,19.45,18.5,18.5,136661650.0
2020-12-15,17.8,18.45,17.6,18.3,446734713.0
2020-12-16,18.7,19.2,18.4,18.85,250939029.0
2020-12-17,18.9,18.9,18.15,18.25,131495445.0
2020-12-18,18.15,19.1,17.55,18.9,283132487.0
2020-12-21,18.95,19.0,18.0,18.0,168955038.0
2020-12-22,17.4,17.6,17.1,17.3,284913909.0
2020-12-23,17.5,17.85,17.05,17.6,216066991.0
2020-12-24,17.9,18.0,17.3,17.55,124638448.0
2020-12-28,17.8,18.2,17.55,17.8,149082382.0
2020-12-29,17.85,18.0,17.6,17.75,103589664.0
2020-12-30,17.7,17.85,17.45,17.75,79131606.0
2020-12-31,17.75,18.15,17.65,17.85,125361787.0
2021-01-01,17.85,18.45,17.8,18.0,146080241.0
2021-01-04,18.4,18.6,17.9,18.0,214860840.0
2021-01-05,17.95,18.25,17.75,18.0,172429356.0
2021-01-06,18.2,18.4,17.8,18.0,196901365.0
2021-01-07,18.2,18.35,17.85,18.0,157589035.0
2021-01-08,18.2,18.3,17.8,18.05,183783931.0
2021-01-11,18.3,18.55,17.85,17.95,189373243.0
2021-01-12,17.85,18.5,17.6,18.05,320993651.0
2021-01-13,18.15,18.3,17.15,17.8,280118603.0
2021-01-14,17.85,18.1,17.6,17.85,141291865.0
2021-01-15,17.8,17.85,17.25,17.6,163516334.0
2021-01-18,18.1,18.1,17.45,17.7,210883697.0
2021-01-19,17.85,18.0,17.6,17.9,128056245.0
2021-01-20,17.95,18.0,17.4,17.65,196996362.0
2021-01-21,17.7,17.8,17.15,17.25,229436846.0
2021-01-22,17.35,17.5,16.75,17.0,220887609.0
2021-01-25,17.4,17.5,16.25,16.35,326357534.0
2021-01-27,16.2,16.2,15.7,15.75,224836150.0
2021-01-28,15.2,15.4,15.0,15.05,312839641.0
2021-01-29,15.1,15.8,15.0,15.75,183110147.0
2021-02-01,16.0,16.5,15.45,16.4,186599301.0
2021-02-02,16.55,16.85,16.1,16.55,180587323.0
2021-02-03,16.65,16.65,16.2,16.25,88995339.0
2021-02-04,16.25,16.55,16.05,16.2,129199434.0
2021-02-05,16.85,17.45,16.75,16.9,235552294.0
2021-02-08,17.15,17.3,16.9,17.05,132788785.0
2021-02-09,17.1,17.1,16.6,16.65,94882109.0
2021-02-10,16.65,16.7,16.3,16.4,80183508.0
2021-02-11,16.4,16.7,16.3,16.5,58079419.0
2021-02-12,16.5,16.55,16.35,16.4,47492701.0
2021-02-15,16.4,16.6,16.15,16.25,64057989.0
2021-02-16,16.25,16.35,15.95,16.05,77478438.0
2021-02-17,16.05,16.1,15.75,15.9,87586901.0
2021-02-18,15.85,16.55,15.65,16.15,172725915.0
2021-02-19,16.15,16.3,15.85,15.95,94798271.0
2021-02-22,16.0,16.0,15.55,15.6,75367244.0
2021-02-23,15.6,15.75,15.5,15.6,65178836.0
2021-02-24,15.8,16.4,15.7,16.1,100496229.0
2021-02-25,16.1,16.35,16.05,16.1,69277131.0
2021-02-26,15.8,15.95,15.65,15.75,115922281.0
2021-03-01,15.95,16.9,15.75,16.3,182912199.0
2021-03-02,16.5,16.65,16.25,16.3,82198118.0
2021-03-03,16.4,16.55,16.25,16.35,95262247.0
2021-03-04,16.25,16.75,16.05,16.6,147502225.0
2021-03-05,16.6,16.9,16.3,16.35,102085430.0
2021-03-08,16.55,16.65,16.25,16.25,67424765.0
2021-03-09,16.25,16.4,15.95,16.05,77245066.0
2021-03-10,16.1,16.25,16.0,16.05,44844215.0
2021-03-12,16.0,16.25,15.85,15.9,81941288.0
2021-03-15,15.7,15.75,15.45,15.65,80253110.0
2021-03-16,15.65,15.65,15.4,15.45,53393224.0
2021-03-17,15.45,15.55,15.05,15.1,81186413.0
2021-03-18,15.2,15.3,14.8,14.9,92968773.0
2021-03-19,14.85,15.05,14.3,14.95,133410477.0
2021-03-22,14.95,15.1,14.75,14.85,62159949.0
2021-03-23,14.9,15.05,14.75,14.9,61085946.0
2021-03-24,14.85,15.0,14.6,14.65,59903730.0
2021-03-25,14.65,14.7,14.1,14.2,110609689.0
2021-03-26,14.25,14.5,14.0,14.05,106766399.0
2021-03-30,14.15,16.85,14.0,16.3,336333365.0
2021-03-31,16.15,16.25,15.4,15.6,208381534.0
2021-04-01,15.65,15.85,15.35,15.7,93196660.0
2021-04-05,15.85,15.95,15.2,15.5,83064018.0
2021-04-06,15.65,15.85,15.5,15.6,59808985.0
2021-04-07,15.6,15.7,15.4,15.6,50497122.0
2021-04-08,15.65,15.7,15.5,15.55,45104506.0
2021-04-09,15.55,15.65,15.4,15.45,40565587.0
2021-04-12,15.2,15.25,14.4,14.45,123708161.0
2021-04-13,14.4,14.75,14.3,14.7,79542179.0
2021-04-15,14.7,14.7,14.4,14.55,58323051.0
2021-04-16,14.55,14.8,14.45,14.6,65324005.0
2021-04-19,14.2,14.3,14.05,14.2,75069350.0
2021-04-20,14.3,14.35,14.0,14.05,79998707.0
2021-04-22,14.0,14.2,13.9,14.05,65105485.0
2021-04-23,14.0,14.15,13.9,14.0,89475097.0
2021-04-26,14.05,14.2,14.0,14.05,73016298.0
2021-04-27,14.05,15.05,14.0,14.75,127545345.0
2021-04-28,14.8,15.05,14.75,14.8,81387698.0
2021-04-29,14.95,15.15,14.35,14.5,135559239.0
2021-04-30,14.5,14.8,14.4,14.55,98365622.0
2021-05-03,12.85,14.0,12.85,13.9,248997751.0
2021-05-04,14.0,14.15,13.8,13.85,104431586.0
2021-05-05,13.95,14.05,13.8,13.85,55591203.0
2021-05-06,13.9,13.9,13.5,13.55,122661349.0
2021-05-07,13.65,13.65,13.3,13.35,120981135.0
2021-05-10,13.4,13.45,13.05,13.1,113970494.0
2021-05-11,13.1,13.4,13.0,13.15,141571542.0
2021-05-12,13.15,13.75,13.1,13.3,159663998.0
2021-05-14,13.4,13.45,13.15,13.2,85666983.0
2021-05-17,13.25,13.4,13.25,13.35,95074257.0
2021-05-18,13.4,13.5,13.25,13.35,82571190.0
2021-05-19,13.35,13.4,13.2,13.3,87038860.0
2021-05-20,13.35,13.4,13.15,13.25,75911849.0
2021-05-21,13.3,13.4,13.15,13.35,112270395.0
2021-05-24,13.35,14.1,13.3,13.85,300924526.0
2021-05-25,13.85,13.85,13.45,13.6,86120404.0
2021-05-26,13.65,13.7,13.4,13.45,110243035.0
2021-05-27,13.5,13.6,13.3,13.4,211323869.0
2021-05-28,13.4,13.5,13.3,13.35,82458603.0
2021-05-31,13.4,13.6,13.35,13.5,65555223.0
2021-06-01,13.5,13.55,13.3,13.35,59365980.0
2021-06-02,13.35,13.6,13.35,13.45,77114380.0
2021-06-03,13.5,13.6,13.4,13.5,87413665.0
2021-06-04,13.55,13.9,13.5,13.75,183326321.0
2021-06-07,13.85,15.2,13.8,15.05,566089990.0
2021-06-08,15.2,15.55,14.55,14.75,283140374.0
2021-06-09,14.85,15.05,14.1,14.2,224789425.0
2021-06-10,14.25,14.8,14.2,14.65,128849317.0
2021-06-11,14.9,15.0,14.35,14.4,135479511.0
2021-06-14,14.4,14.4,13.9,14.1,157306721.0
2021-06-15,14.15,14.35,14.05,14.1,76892324.0
2021-06-16,14.15,14.3,14.0,14.0,77914829.0
2021-06-17,13.9,14.1,13.7,13.75,104336143.0
2021-06-18,13.8,13.9,13.45,13.75,105351801.0
2021-06-21,13.65,14.05,13.35,13.9,123963605.0
2021-06-22,14.1,14.1,13.75,13.8,93776874.0
2021-06-23,13.85,13.95,13.6,13.7,78472594.0
2021-06-24,13.75,13.9,13.6,13.6,83838008.0
2021-06-25,13.65,13.75,13.55,13.65,64386105.0
2021-06-28,13.7,13.8,13.6,13.65,55278874.0
2021-06-29,13.65,13.8,13.5,13.55,77004331.0
2021-06-30,13.6,13.9,13.5,13.55,106479676.0
2021-07-01,13.55,13.7,13.5,13.55,70546748.0
2021-07-02,13.55,13.7,13.5,13.55,55229264.0
2021-07-05,13.65,13.65,13.45,13.45,70053302.0
2021-07-06,13.45,13.55,13.3,13.35,62417703.0
2021-07-07,13.35,13.45,13.3,13.3,61558174.0
2021-07-08,13.35,13.45,13.3,13.35,68507663.0
2021-07-09,13.35,13.35,13.2,13.25,67070257.0
2021-07-12,13.25,13.35,13.05,13.1,102986230.0
2021-07-13,13.15,13.25,12.95,13.0,101454204.0
2021-07-14,13.05,13.05,13.0,13.05,36945483.0
2021-07-15,13.05,13.85,13.0,13.55,184390448.0
2021-07-16,13.6,13.6,13.3,13.4,66607893.0
2021-07-19,13.3,13.35,13.15,13.2,96849269.0
2021-07-20,13.25,13.25,12.9,12.95,133935082.0
2021-07-22,13.05,13.2,13.0,13.0,52313522.0
2021-07-23,13.1,13.2,13.0,13.05,67760836.0
2021-07-26,13.8,14.1,13.25,13.3,252916364.0
2021-07-27,13.35,13.4,13.0,13.05,135122387.0
2021-07-28,13.1,13.1,12.85,12.95,129141525.0
2021-07-29,13.0,13.05,12.8,12.85,74498391.0
2021-07-30,12.9,12.95,12.7,12.75,99429624.0
2021-08-02,12.85,12.9,12.7,12.75,92948479.0
2021-08-03,12.8,12.85,12.7,12.75,62836740.0
2021-08-04,12.8,12.85,12.6,12.65,93050718.0
2021-08-05,12.65,12.7,12.3,12.4,83509704.0
2021-08-06,12.45,12.75,12.4,12.5,64413341.0
2021-08-09,12.6,12.65,12.4,12.45,45466916.0
2021-08-10,12.4,12.95,12.3,12.3,87906293.0
2021-08-11,12.35,12.35,11.9,11.95,120719125.0
2021-08-12,12.0,12.15,11.9,11.95,75856427.0
2021-08-13,12.0,12.05,11.85,11.9,78563651.0
2021-08-16,11.95,11.95,11.6,11.7,63301331.0
2021-08-17,11.7,11.75,11.2,11.25,102193711.0
2021-08-18,11.3,11.45,11.1,11.3,100746217.0
2021-08-20,11.2,11.2,11.05,11.15,74548015.0
2021-08-23,11.25,11.3,10.5,10.8,129880959.0
2021-08-24,10.85,11.25,10.7,11.0,128570784.0
2021-08-25,10.95,11.15,10.8,10.95,99499009.0
2021-08-26,10.95,11.25,10.9,10.95,91932265.0
2021-08-27,10.95,11.15,10.9,11.05,62585083.0
2021-08-30,11.15,11.15,10.8,10.9,115836903.0
2021-08-31,10.9,11.0,10.75,10.8,89884569.0
2021-09-01,10.8,11.4,10.75,11.1,151330531.0
2021-09-02,11.15,11.4,10.95,11.15,159594864.0
2021-09-03,11.2,11.25,11.05,11.1,111419956.0
2021-09-06,11.15,11.2,10.95,11.0,58976619.0
2021-09-07,11.05,11.05,10.8,10.9,59519176.0
2021-09-08,10.95,11.4,10.9,10.9,146456916.0
2021-09-09,10.9,11.1,10.8,10.95,89310141.0
2021-09-13,11.0,11.15,10.9,11.1,115738343.0
2021-09-14,11.1,12.85,11.05,12.45,777602458.0
2021-09-15,12.6,12.85,12.3,12.7,338102064.0
2021-09-16,12.95,15.05,12.9,14.7,910231884.0
2021-09-17,14.35,14.5,12.95,13.25,582883624.0
2021-09-20,13.0,13.75,12.7,12.8,180681962.0
2021-09-21,12.9,13.05,12.55,13.0,110549666.0
2021-09-22,13.1,13.4,13.05,13.15,90746640.0
2021-09-23,13.25,13.35,12.95,13.0,78550572.0
2021-09-24,13.0,13.3,12.8,12.85,71409608.0
2021-09-27,13.0,13.0,12.8,12.9,54816217.0
2021-09-28,13.0,13.2,12.55,12.75,115261485.0
2021-09-29,12.65,12.85,12.2,12.3,195039117.0
2021-09-30,12.35,12.75,12.3,12.55,67706218.0
2021-10-01,12.5,13.4,12.4,12.85,199414914.0
2021-10-04,12.85,12.85,12.85,12.85,10494019.0
2021-10-05,13.1,13.2,13.0,13.1,96849882.0
2021-10-06,13.15,13.5,13.0,13.05,124309047.0
2021-10-07,13.15,13.45,12.85,13.15,150895888.0
2021-10-08,13.3,13.5,13.15,13.2,82980014.0
2021-10-11,13.3,13.35,13.05,13.05,58760797.0
2021-10-12,13.1,13.35,13.0,13.2,107152589.0
2021-10-13,13.3,13.35,13.2,13.25,76105307.0
2021-10-14,13.25,13.45,13.2,13.2,82128218.0
2021-10-18,13.45,14.35,13.35,13.95,327306508.0
2021-10-19,14.1,14.25,13.5,13.6,146859092.0
2021-10-20,13.6,13.75,13.3,13.5,100540663.0
2021-10-21,13.6,14.45,13.5,14.3,248334945.0
2021-10-22,14.55,14.65,13.4,13.75,332024855.0
2021-10-25,14.0,14.1,13.2,13.35,156375061.0
2021-10-26,13.35,13.65,13.25,13.45,103292300.0
2021-10-27,13.5,13.6,13.0,13.05,148970323.0
2021-10-28,13.1,13.1,12.65,12.75,122032074.0
2021-10-29,12.95,13.05,12.55,12.8,105143336.0
2021-11-01,12.85,13.25,12.7,13.05,95919811.0
2021-11-02,13.05,13.25,13.0,13.05,60470098.0
2021-11-03,13.1,13.15,12.95,13.0,50990867.0
2021-11-04,13.05,13.25,13.0,13.15,25871499.0
2021-11-08,13.2,13.45,13.05,13.1,68845607.0
2021-11-09,13.15,13.25,13.05,13.1,40719001.0
2021-11-10,13.1,13.15,13.0,13.0,42806649.0
2021-11-11,13.25,13.6,13.2,13.25,122452763.0
2021-11-12,13.3,13.4,13.05,13.15,43718885.0
2021-11-15,13.2,13.25,13.0,13.05,48088769.0
2021-11-16,13.1,13.2,13.0,13.05,58369877.0
2021-11-17,13.0,13.15,12.95,13.0,33082573.0
2021-11-18,13.05,13.05,12.8,12.85,59537598.0
2021-11-22,12.85,12.9,12.5,12.55,84612273.0
2021-11-23,12.55,12.7,12.45,12.55,69774910.0
2021-11-24,12.6,12.95,12.45,12.6,61441021.0
2021-11-25,12.6,12.8,12.55,12.75,49158856.0
2021-11-26,12.65,12.7,12.4,12.45,74233939.0
2021-11-29,12.35,12.45,12.15,12.15,68776074.0
2021-11-30,12.15,12.95,12.1,12.4,187690847.0
2021-12-01,12.25,12.7,12.15,12.45,111430763.0
2021-12-02,12.6,12.7,12.5,12.6,42857712.0
2021-12-03,12.65,12.7,12.5,12.55,59708926.0
2021-12-06,12.6,12.9,12.5,12.6,82373982.0
2021-12-07,12.65,13.7,12.6,13.1,318018723.0
2021-12-08,13.25,13.45,13.1,13.25,89385559.0
2021-12-09,13.3,14.2,13.25,14.0,371016070.0
2021-12-10,14.2,14.65,14.05,14.45,287016764.0
2021-12-13,14.7,14.95,13.8,14.0,255950390.0
2021-12-14,13.8,14.2,13.7,13.95,137444898.0
2021-12-15,13.9,14.15,13.7,13.75,113529974.0
2021-12-16,13.9,14.05,13.3,13.4,122729693.0
2021-12-17,13.55,13.6,13.05,13.15,111405508.0
2021-12-20,13.05,13.05,12.55,12.75,126631534.0
2021-12-21,13.05,13.25,12.85,13.0,82841162.0
2021-12-22,13.2,13.7,13.15,13.65,131722111.0
2021-12-23,13.8,13.85,13.5,13.55,71313187.0
2021-12-24,13.6,13.65,13.15,13.25,84988162.0
2021-12-27,13.15,13.45,13.05,13.2,62329124.0
2021-12-28,13.25,13.6,13.2,13.45,97031374.0
2021-12-29,13.5,14.15,13.45,13.9,125963208.0
2021-12-30,13.9,13.95,13.5,13.55,77192964.0
2021-12-31,13.65,13.9,13.6,13.7,72947892.0
2022-01-03,13.7,14.4,13.65,14.05,233646824.0
2022-01-04,14.1,14.65,14.05,14.5,239478313.0
2022-01-05,14.55,14.95,14.4,14.5,312373031.0
2022-01-06,14.25,14.45,14.1,14.25,125481711.0
2022-01-07,14.3,14.55,13.45,13.95,163782823.0
2022-01-10,13.95,14.25,13.9,14.0,85450112.0
2022-01-11,14.1,14.2,13.8,13.9,108029504.0
2022-01-12,13.95,14.0,13.7,13.75,70742108.0
2022-01-13,13.85,14.2,13.6,14.0,132643682.0
2022-01-14,13.95,14.15,13.85,14.05,76620802.0
2022-01-17,14.1,14.2,14.0,14.1,46460460.0
2022-01-18,14.1,14.15,13.7,13.8,98757385.0
2022-01-19,13.9,13.9,13.7,13.8,79519938.0
2022-01-20,13.8,14.0,13.75,13.8,54861059.0
2022-01-21,13.85,13.85,13.6,13.75,67086949.0
2022-01-24,14.2,14.2,13.4,13.45,200908635.0
2022-01-25,13.35,13.8,13.25,13.6,98939782.0
2022-01-27,13.5,13.65,13.35,13.55,95789692.0
2022-01-28,13.55,13.8,13.3,13.35,81562705.0
2022-01-31,13.5,13.6,13.2,13.3,82299006.0
2022-02-01,13.4,13.6,13.1,13.35,108761671.0
2022-02-02,13.5,13.8,13.4,13.65,74842792.0
2022-02-03,13.65,13.7,13.35,13.45,59047564.0
2022-02-04,13.6,13.85,13.55,13.7,102260941.0
2022-02-07,13.9,14.15,13.7,13.95,107878882.0
2022-02-08,14.05,14.25,14.0,14.15,148021736.0
2022-02-09,14.25,14.35,14.05,14.1,68633731.0
2022-02-10,14.15,14.2,13.8,13.85,65567550.0
2022-02-11,13.85,14.2,13.75,13.9,105169399.0
2022-02-14,13.8,13.85,13.2,13.25,115019220.0
2022-02-15,13.3,13.6,13.05,13.5,97078149.0
2022-02-16,13.65,13.7,13.5,13.55,61575713.0
2022-02-17,13.65,13.9,13.4,13.8,88068465.0
2022-02-18,13.9,14.1,13.8,13.9,67852119.0
2022-02-21,13.75,13.8,13.6,13.65,64338345.0
2022-02-22,13.45,13.75,13.35,13.6,110047883.0
2022-02-23,13.7,13.9,13.6,13.85,74202361.0
2022-02-24,13.45,13.65,12.5,12.6,172480925.0
2022-02-25,12.85,13.35,12.85,13.15,102883520.0
2022-02-28,13.05,13.35,12.9,13.25,138460582.0
2022-03-02,13.2,13.25,12.6,12.9,129830542.0
2022-03-03,13.15,13.2,12.8,12.95,118672276.0
2022-03-04,13.2,13.2,12.75,12.8,126930611.0
2022-03-07,12.7,12.8,12.6,12.65,88242222.0
2022-03-08,12.65,12.85,12.6,12.75,86562937.0
2022-03-09,12.8,12.95,12.65,12.75,122615702.0
2022-03-10,12.9,13.0,12.75,12.85,123845769.0
2022-03-11,12.85,12.9,12.7,12.75,58891356.0
2022-03-14,12.75,12.85,12.65,12.7,69297435.0
2022-03-15,12.8,12.8,12.6,12.7,82661443.0
2022-03-16,12.8,12.85,12.75,12.8,63630406.0
2022-03-17,12.9,13.4,12.25,12.95,820519351.0
2022-03-21,13.2,13.45,12.9,12.95,132143743.0
2022-03-22,13.05,13.05,12.75,12.8,80397218.0
2022-03-23,12.9,13.0,12.8,12.85,77401990.0
2022-03-24,12.8,12.85,12.75,12.75,46327191.0
2022-03-25,12.8,12.85,12.65,12.7,48911163.0
2022-03-28,12.75,12.8,12.5,12.55,81110072.0
2022-03-29,12.6,12.8,12.45,12.55,89485918.0
2022-03-30,12.65,12.75,12.1,12.25,234110133.0
2022-03-31,12.25,12.45,12.2,12.3,94468344.0
2022-04-01,12.25,12.7,12.25,12.65,87342736.0
2022-04-04,12.75,13.2,12.7,13.1,114480211.0
2022-04-05,13.25,13.25,12.95,13.0,91829702.0
2022-04-06,13.0,15.2,12.9,14.7,559694362.0
2022-04-07,15.3,16.25,14.9,15.55,894347658.0
2022-04-08,15.65,16.05,15.15,15.65,388365991.0
2022-04-11,15.65,15.7,15.0,15.1,196889010.0
2022-04-12,15.0,15.15,14.4,14.65,174419841.0
2022-04-13,14.7,14.9,14.5,14.55,70370226.0
2022-04-18,14.45,14.45,13.8,14.1,99356804.0
2022-04-19,14.1,14.2,13.55,13.75,75612704.0
2022-04-20,13.8,14.15,13.7,13.9,78987240.0
2022-04-21,14.0,14.25,13.95,14.15,75566285.0
2022-04-22,14.05,14.2,13.9,13.95,55184187.0
2022-04-25,13.85,13.9,13.65,13.75,80863122.0
2022-04-26,13.7,14.05,13.65,13.75,53580878.0
2022-04-27,13.7,13.75,13.5,13.55,50823471.0
2022-04-28,13.6,13.75,13.45,13.65,52950069.0
2022-04-29,13.7,13.95,13.55,13.65,79999730.0
2022-05-02,14.25,14.5,13.65,13.8,154079451.0
2022-05-04,13.9,13.95,13.45,13.55,100802126.0
2022-05-05,13.7,13.8,13.45,13.5,62604654.0
2022-05-06,13.4,13.4,13.1,13.2,70858847.0
2022-05-09,13.05,13.2,12.9,12.95,80727091.0
2022-05-10,12.95,13.2,12.9,13.0,69056902.0
2022-05-11,13.05,13.1,12.6,12.85,97715454.0
2022-05-12,12.85,12.85,12.5,12.55,108927333.0
2022-05-13,12.7,12.85,12.45,12.45,69982971.0
2022-05-16,12.55,12.8,12.5,12.7,46521622.0
2022-05-17,12.8,13.5,12.7,13.3,162808205.0
2022-05-18,13.5,14.0,13.2,13.9,197553271.0
2022-05-19,13.5,14.05,13.25,13.45,162559992.0
2022-05-20,13.75,14.3,13.65,13.95,154935644.0
2022-05-23,14.0,14.15,13.7,13.75,121476707.0
2022-05-24,13.75,13.9,13.4,13.45,81452469.0
2022-05-25,13.5,13.55,12.95,13.05,88268100.0
2022-05-26,13.1,13.45,12.8,13.25,50038976.0
2022-05-27,13.5,13.55,13.25,13.4,45731067.0
2022-05-30,13.45,13.55,13.35,13.45,35028932.0
2022-05-31,13.45,13.5,13.05,13.15,61918137.0
2022-06-01,13.15,13.3,13.1,13.25,34785728.0
2022-06-02,13.45,13.55,13.3,13.35,38822401.0
2022-06-03,13.45,13.55,13.15,13.25,35997270.0
2022-06-06,13.2,13.35,13.1,13.15,32648669.0
2022-06-07,13.15,13.25,13.05,13.05,31123663.0
2022-06-08,13.1,13.45,13.05,13.2,40720659.0
2022-06-09,13.2,13.25,13.05,13.2,31264919.0
2022-06-10,13.15,13.2,12.85,12.95,43479577.0
2022-06-13,12.85,12.95,12.75,12.8,41876039.0
2022-06-14,12.8,12.9,12.65,12.7,28710092.0
2022-06-15,12.75,13.0,12.7,12.75,45778927.0
2022-06-16,12.85,12.9,12.45,12.5,60215220.0
2022-06-17,12.55,12.7,12.35,12.45,89833411.0
2022-06-20,12.45,12.75,12.25,12.35,93738331.0
2022-06-21,12.4,12.65,12.35,12.6,39274440.0
2022-06-22,12.6,12.6,12.45,12.45,26497740.0
2022-06-23,12.5,12.65,12.4,12.45,27841070.0
2022-06-24,12.5,13.05,12.5,12.75,86625594.0
2022-06-27,12.9,12.95,12.7,12.85,33445377.0
2022-06-28,12.85,12.9,12.65,12.85,33141182.0
2022-06-29,12.75,12.9,12.7,12.7,26528632.0
2022-06-30,12.7,12.8,12.6,12.65,33846649.0
2022-07-01,12.65,12.75,12.55,12.65,18633694.0
2022-07-04,12.65,12.75,12.6,12.65,21510057.0
2022-07-05,12.7,12.85,12.6,12.65,20011968.0
2022-07-06,12.65,12.7,12.55,12.65,23304730.0
2022-07-07,12.7,12.95,12.7,12.85,27916898.0
2022-07-08,12.9,12.95,12.7,12.8,19792617.0
2022-07-11,12.75,13.35,12.7,13.15,92442757.0
2022-07-12,13.15,13.7,13.1,13.35,92851423.0
2022-07-13,13.5,13.6,13.15,13.25,50448827.0
2022-07-14,13.35,13.5,13.1,13.3,40934758.0
2022-07-15,13.35,13.5,13.1,13.3,58240029.0
2022-07-18,13.4,13.5,13.25,13.35,62818790.0
2022-07-19,13.35,13.55,13.3,13.5,61974559.0
2022-07-20,13.6,13.7,13.55,13.6,41676425.0
2022-07-21,13.65,14.5,13.55,14.3,166126277.0
2022-07-22,14.5,15.0,14.45,14.7,159313294.0
2022-07-25,14.7,14.7,14.7,14.7,13316953.0
2022-07-26,14.25,14.35,13.65,13.7,85276540.0
2022-07-27,13.75,14.9,13.7,14.7,215320288.0
2022-07-28,14.8,15.0,14.35,14.55,121638236.0
2022-07-29,14.7,15.3,14.65,14.95,240308552.0
2022-08-01,15.8,15.8,14.75,15.25,283753874.0
2022-08-02,15.4,17.9,15.2,17.15,984540451.0
2022-08-03,17.3,17.5,16.15,16.45,380839570.0
2022-08-04,16.6,17.05,16.35,16.65,234484381.0
2022-08-05,16.8,16.95,16.6,16.65,111491714.0
2022-08-08,16.65,16.65,16.65,16.65,13316954.0
2022-08-10,16.0,16.05,15.25,15.4,138968107.0
2022-08-11,15.65,15.7,15.25,15.4,110441016.0
2022-08-12,15.3,15.45,15.15,15.3,73702389.0
2022-08-16,15.3,16.0,15.3,15.9,148736090.0
2022-08-17,16.0,16.8,15.95,16.55,237169795.0
2022-08-18,16.55,16.8,16.35,16.65,121482844.0
2022-08-19,16.65,16.75,16.15,16.55,183960328.0
2022-08-22,16.5,16.6,16.25,16.35,65541015.0
2022-08-23,16.15,16.85,16.15,16.3,119341274.0
2022-08-24,16.35,16.75,16.25,16.6,86755636.0
2022-08-25,16.8,16.95,16.45,16.5,94097792.0
2022-08-26,16.6,16.7,16.4,16.45,61100663.0
2022-08-29,16.1,16.35,15.85,16.2,101321244.0
2022-08-30,16.25,16.6,16.25,16.45,79280387.0
2022-09-01,16.35,16.6,16.35,16.35,75338213.0
2022-09-02,16.45,16.5,16.2,16.2,53454387.0
2022-09-05,16.25,17.4,16.2,16.65,145151126.0
2022-09-06,16.75,17.2,16.5,16.75,126241432.0
2022-09-07,16.6,17.45,16.6,17.3,209105496.0
2022-09-08,17.5,18.05,17.4,17.75,268170150.0
2022-09-09,17.85,18.2,17.3,17.5,193221914.0
2022-09-12,17.7,17.8,17.5,17.55,98441497.0
2022-09-13,17.65,17.7,17.3,17.45,118386677.0
2022-09-14,17.15,17.5,17.1,17.25,137081038.0
2022-09-15,17.4,17.6,17.1,17.15,81502917.0
2022-09-16,17.15,17.25,16.65,16.75,127305239.0
2022-09-19,16.75,16.8,16.3,16.35,103007423.0
2022-09-20,16.45,16.85,16.35,16.4,87573547.0
2022-09-21,16.85,17.25,16.65,16.9,171508609.0
2022-09-22,16.85,17.15,16.6,16.75,99539210.0
2022-09-23,16.75,16.75,16.0,16.2,104057075.0
2022-09-26,16.0,16.0,15.35,15.5,98094429.0
2022-09-27,15.6,15.9,15.45,15.75,66927489.0
2022-09-28,15.6,15.75,15.4,15.45,67412435.0
2022-09-29,15.6,15.75,15.4,15.5,45476468.0
2022-09-30,15.55,15.85,15.4,15.65,86879185.0
2022-10-03,15.65,15.65,15.65,15.65,76306765.0
2022-10-04,15.65,16.3,15.6,16.2,112076362.0
2022-10-06,16.35,16.85,16.25,16.5,149333764.0
2022-10-07,16.75,16.75,16.35,16.55,59605751.0
2022-10-10,16.4,16.55,16.2,16.45,51241998.0
2022-10-11,16.5,16.6,16.05,16.15,48398744.0
2022-10-12,16.25,16.3,15.8,16.0,66034496.0
2022-10-13,15.95,16.0,15.6,15.8,38929298.0
2022-10-14,16.05,16.15,15.7,15.8,60503189.0
2022-10-17,15.7,16.05,15.65,15.75,83954100.0
2022-10-18,15.85,15.95,15.7,15.85,45399847.0
2022-10-19,15.85,16.05,15.8,15.9,44781578.0
2022-10-20,15.85,16.0,15.75,15.95,29372277.0
2022-10-21,16.15,16.35,15.9,16.05,62881273.0
2022-10-24,16.0,16.0,15.6,15.75,39994792.0
2022-10-25,15.7,15.85,15.55,15.6,56903508.0
2022-10-27,15.65,16.0,15.5,15.75,111351181.0
2022-10-28,15.8,15.8,15.6,15.65,27728826.0
2022-10-31,15.75,15.8,15.45,15.55,35745633.0
2022-11-01,15.6,15.85,15.25,15.5,111914590.0
2022-11-02,15.5,15.7,15.4,15.5,53832667.0
2022-11-03,15.5,16.3,15.5,16.1,140562676.0
2022-11-04,16.25,16.6,16.15,16.45,97341604.0
2022-11-07,16.55,16.75,16.4,16.55,77873357.0
2022-11-09,16.55,16.7,16.4,16.55,85265325.0
2022-11-10,16.5,16.65,16.25,16.5,71558329.0
2022-11-11,16.65,16.95,16.4,16.85,112993914.0
2022-11-14,16.85,17.4,16.75,17.1,195844509.0
2022-11-15,17.1,17.25,16.9,17.05,79191777.0
2022-11-16,17.05,17.35,16.9,17.05,106522657.0
2022-11-17,17.0,17.25,16.9,16.95,89810845.0
2022-11-18,16.95,17.05,16.7,16.85,47492598.0
2022-11-21,16.85,16.95,16.5,16.65,65235362.0
2022-11-22,16.65,17.4,16.65,17.05,124194131.0
2022-11-23,17.05,17.15,16.8,16.85,49441045.0
2022-11-24,16.9,17.0,16.85,16.95,41585061.0
2022-11-25,16.95,17.2,16.75,16.95,103021350.0
2022-11-28,16.95,17.55,16.9,17.15,154681795.0
2022-11-29,17.2,17.3,17.0,17.05,64478352.0
2022-11-30,17.1,17.35,16.95,17.15,126117843.0
2022-12-01,17.2,17.3,17.0,17.05,49791930.0
2022-12-02,17.3,17.9,17.25,17.4,292355548.0
2022-12-05,17.6,17.8,17.35,17.45,138780670.0
2022-12-06,17.35,17.9,17.3,17.5,157373790.0
2022-12-07,17.5,17.65,17.35,17.45,132599554.0
2022-12-08,17.5,17.8,17.45,17.75,151748493.0
2022-12-09,17.7,20.5,17.65,19.7,1322003621.0
2022-12-12,19.95,21.4,19.65,21.1,919584556.0
2022-12-13,21.5,24.35,21.45,23.95,1288049180.0
2022-12-14,24.05,24.75,21.9,22.1,1225305753.0
2022-12-15,22.0,22.9,21.45,22.45,568038558.0
2022-12-16,22.2,22.45,21.05,21.2,483675727.0
2022-12-19,21.5,22.1,21.25,21.4,333082150.0
2022-12-20,21.35,21.5,20.6,21.3,294564961.0
2022-12-21,21.45,21.65,19.65,19.85,369893062.0
2022-12-22,20.05,20.2,18.85,18.95,387642459.0
2022-12-23,18.55,18.9,17.25,17.45,401631548.0
2022-12-26,17.6,19.95,17.55,19.6,553301260.0
2022-12-27,20.2,20.7,19.6,20.15,525572234.0
2022-12-28,20.15,20.7,19.65,20.15,411993069.0
2022-12-29,19.9,20.35,19.75,20.15,258614432.0
2022-12-30,20.5,20.85,20.3,20.6,290592965.0
2023-01-02,20.85,22.1,20.75,21.65,495265210.0
2023-01-03,21.9,22.25,21.75,22.05,339801604.0
2023-01-04,22.2,22.4,20.9,21.35,395137176.0
2023-01-05,21.5,21.7,21.15,21.45,207055994.0
2023-01-06,21.6,21.75,20.95,21.1,221378840.0
2023-01-09,21.4,21.5,21.05,21.25,133642156.0
2023-01-10,21.2,21.2,20.35,20.65,217605501.0
2023-01-11,20.65,20.65,20.0,20.05,180768626.0
2023-01-12,20.1,20.15,19.65,19.9,206504664.0
2023-01-13,19.9,20.3,19.65,20.15,177999521.0
2023-01-16,20.45,20.55,20.05,20.15,136916066.0
2023-01-17,20.2,20.2,19.95,20.1,78608576.0
2023-01-18,20.15,20.45,20.0,20.35,97888455.0
2023-01-19,20.25,20.35,20.05,20.15,84048843.0
2023-01-20,20.15,20.15,19.65,19.75,132306803.0
2023-01-23,17.75,18.6,17.45,18.15,461080397.0
2023-01-24,18.2,18.5,18.1,18.2,158031026.0
2023-01-25,18.2,18.2,17.55,17.9,169888903.0
2023-01-27,18.2,18.2,17.3,17.5,186338397.0
2023-01-30,17.5,17.9,17.0,17.1,210890783.0
2023-01-31,17.1,17.6,16.75,17.25,172354037.0
2023-02-01,17.3,17.55,16.65,16.9,165385637.0
2023-02-02,16.85,17.25,16.7,16.85,123967342.0
2023-02-03,16.95,17.15,16.15,16.45,156969022.0
2023-02-06,16.5,17.0,16.4,16.65,208869003.0
2023-02-07,16.7,16.95,16.55,16.85,92270861.0
2023-02-08,16.95,17.35,16.75,17.1,125682040.0
2023-02-09,17.15,17.15,16.75,16.85,77906475.0
2023-02-10,16.8,17.3,16.7,17.05,148680021.0
2023-02-13,17.05,17.15,16.55,16.7,177648359.0
2023-02-14,16.75,16.85,16.25,16.4,67042640.0
2023-02-15,16.3,16.5,16.2,16.4,69598730.0
2023-02-16,16.4,16.5,16.2,16.25,66369663.0
2023-02-17,16.25,16.35,16.0,16.1,60097807.0
2023-02-20,16.2,16.75,16.1,16.6,173752454.0
2023-02-21,16.75,17.0,16.45,16.7,173188893.0
2023-02-22,16.65,16.7,16.1,16.3,106084194.0
2023-02-23,16.25,16.55,16.15,16.4,74749112.0
2023-02-24,16.45,16.55,16.1,16.15,88544284.0
2023-02-27,16.15,16.55,16.0,16.4,94589990.0
2023-02-28,16.4,17.65,16.3,17.45,212755636.0
2023-03-01,17.55,18.4,17.55,18.3,282273280.0
2023-03-02,18.4,18.6,17.3,17.5,246207153.0
2023-03-03,17.5,17.7,16.8,16.85,269921902.0
2023-03-06,16.8,17.25,16.5,16.9,166703741.0
2023-03-08,16.85,16.85,16.4,16.7,99406365.0
2023-03-09,16.65,16.95,16.5,16.55,99557952.0
2023-03-10,16.4,16.75,16.3,16.5,93220422.0
2023-03-13,14.4,16.3,14.4,15.65,560565493.0
2023-03-14,15.7,15.95,15.45,15.55,179730170.0
2023-03-15,15.5,15.85,15.3,15.35,139128847.0
2023-03-16,15.35,15.35,14.8,14.9,207783632.0
2023-03-17,15.0,15.85,14.5,15.05,445464706.0
2023-03-20,15.4,15.5,15.0,15.35,297633356.0
2023-03-21,15.45,15.55,15.15,15.25,185863476.0
2023-03-22,15.3,15.5,15.2,15.3,139692815.0
2023-03-23,15.25,15.4,14.9,15.2,124581123.0
2023-03-24,15.05,15.25,15.0,15.05,93654254.0
2023-03-27,15.1,15.3,15.0,15.05,131495843.0
2023-03-28,15.1,15.15,14.7,14.75,87761633.0
2023-03-29,14.8,15.1,14.75,14.95,111967037.0
2023-03-31,15.0,15.2,14.95,15.05,101307931.0
2023-04-03,15.1,15.45,15.05,15.35,80090577.0
2023-04-05,15.45,15.55,15.15,15.25,57795927.0
2023-04-06,15.25,15.6,15.2,15.4,69023622.0
2023-04-10,15.45,15.45,15.15,15.2,58424414.0
2023-04-11,15.25,15.4,15.15,15.2,43019043.0
2023-04-12,15.25,15.5,15.15,15.4,57667885.0
2023-04-13,15.5,15.55,15.2,15.35,76131404.0
2023-04-17,15.35,15.4,15.25,15.35,61971667.0
2023-04-18,15.35,16.8,15.3,16.65,346144836.0
2023-04-19,16.8,17.3,16.4,16.55,267886872.0
2023-04-20,16.6,16.75,16.45,16.5,93150119.0
2023-04-21,16.6,16.6,16.1,16.2,86456901.0
2023-04-24,15.5,16.0,15.5,15.7,163198015.0
2023-04-25,15.75,15.8,15.45,15.55,99104709.0
2023-04-26,15.5,15.95,15.4,15.5,128851297.0
2023-04-27,15.5,15.7,15.5,15.6,41936192.0
2023-04-28,15.65,15.85,15.6,15.7,79514507.0
2023-05-02,15.75,16.1,15.7,15.95,117555064.0
2023-05-03,15.95,16.4,15.85,16.15,83692417.0
2023-05-04,16.2,16.3,16.0,16.05,85512962.0
2023-05-05,16.0,16.15,15.9,15.95,47642044.0
2023-05-08,16.0,16.2,15.95,16.1,59725157.0
2023-05-09,16.1,16.25,16.0,16.1,76780928.0
2023-05-10,16.05,16.15,15.8,15.95,77871060.0
2023-05-11,16.0,16.15,15.95,16.1,49450726.0
2023-05-12,16.1,16.15,15.8,15.95,58478892.0
2023-05-15,15.95,16.0,15.75,15.85,44787937.0
2023-05-16,15.9,16.15,15.8,15.9,95893603.0
2023-05-17,15.95,16.05,15.85,15.9,85822286.0
2023-05-18,15.95,16.0,15.65,15.7,60436667.0
2023-05-19,15.75,15.8,15.55,15.65,53851070.0
2023-05-22,15.7,15.8,15.6,15.65,41531446.0
2023-05-23,15.65,15.75,15.5,15.55,49358138.0
2023-05-24,15.55,15.7,15.5,15.6,45339237.0
2023-05-25,15.55,15.75,15.5,15.5,67397531.0
2023-05-26,15.55,15.65,15.5,15.6,34064577.0
2023-05-29,15.65,16.2,15.6,15.9,127417730.0
2023-05-30,16.0,16.05,15.75,15.9,77893859.0
2023-05-31,15.9,16.5,15.7,16.2,223440763.0
2023-06-01,16.25,16.65,16.25,16.3,85940004.0
2023-06-02,16.35,16.5,16.3,16.4,113767784.0
2023-06-05,16.4,16.5,16.05,16.15,39525286.0
2023-06-06,16.15,16.15,15.95,16.0,39361694.0
2023-06-07,16.05,16.3,16.0,16.15,52628264.0
2023-06-08,16.2,17.2,16.15,16.75,307712828.0
2023-06-09,16.75,16.95,16.5,16.6,114417447.0
2023-06-12,16.6,16.6,16.35,16.4,53269073.0
2023-06-13,16.45,16.7,16.35,16.4,61321328.0
2023-06-14,16.5,16.6,16.1,16.2,99586254.0
2023-06-15,16.2,16.35,15.95,16.1,56035794.0
2023-06-16,16.15,16.45,16.0,16.3,79705305.0
2023-06-19,16.4,16.75,16.1,16.25,127260482.0
2023-06-20,16.3,16.4,16.15,16.25,62344783.0
2023-06-21,16.25,16.35,16.15,16.2,43815628.0
2023-06-22,16.2,16.3,15.95,16.0,52482954.0
2023-06-23,16.0,16.1,15.9,16.0,42620606.0
2023-06-26,16.05,16.35,16.0,16.1,69419649.0
2023-06-27,16.15,16.25,16.0,16.05,35114512.0
2023-06-28,16.1,16.35,15.95,16.2,63502734.0
2023-06-30,16.25,16.35,16.15,16.25,69541563.0
2023-07-03,16.35,16.55,16.3,16.35,108321412.0
2023-07-04,16.4,17.2,16.25,16.8,323137498.0
2023-07-05,16.85,17.45,16.8,17.15,214341757.0
2023-07-06,17.25,17.95,17.25,17.8,264919299.0
2023-07-07,17.85,17.95,17.3,17.45,248157506.0
2023-07-10,17.3,17.5,17.0,17.05,104189506.0
2023-07-11,17.2,17.5,17.05,17.2,152871399.0
2023-07-12,17.2,17.65,17.15,17.3,131237755.0
2023-07-13,17.4,17.75,17.05,17.15,125488334.0
2023-07-14,17.25,17.45,17.15,17.35,84745330.0
2023-07-17,17.5,17.85,17.45,17.7,172530419.0
2023-07-18,17.7,17.9,17.35,17.5,165941309.0
2023-07-19,17.5,17.6,17.3,17.45,107842846.0
2023-07-20,17.4,18.1,17.35,17.7,214353303.0
2023-07-21,17.7,18.2,17.6,18.05,242664132.0
2023-07-24,18.4,18.45,17.3,17.4,274651589.0
2023-07-25,17.4,17.6,16.95,17.05,112478211.0
2023-07-26,17.05,17.15,16.65,17.0,113833184.0
2023-07-27,17.05,17.35,16.9,16.95,89067183.0
2023-07-28,17.0,17.1,16.85,16.95,75578803.0
2023-07-31,16.95,17.1,16.9,16.95,60939265.0
2023-08-01,17.1,17.2,17.0,17.1,69943055.0
2023-08-02,17.05,17.3,16.85,17.0,108943704.0
2023-08-03,17.0,17.1,16.9,17.0,67175859.0
2023-08-04,17.05,17.15,16.9,16.95,86412240.0
2023-08-07,17.0,17.15,16.75,16.9,69343019.0
2023-08-08,16.9,17.0,16.75,16.85,49199132.0
2023-08-09,16.9,17.0,16.8,16.95,48443836.0
2023-08-10,17.0,17.45,16.9,16.95,170855859.0
2023-08-11,17.05,17.4,17.0,17.05,88552616.0
2023-08-14,17.05,17.1,16.8,16.95,84692730.0
2023-08-16,16.95,17.0,16.8,16.85,59611983.0
2023-08-17,16.9,17.3,16.85,17.0,110008087.0
2023-08-18,17.05,17.2,16.8,16.9,93032287.0
2023-08-21,16.9,17.05,16.75,16.95,79437088.0
2023-08-22,17.0,17.05,16.85,16.95,76696780.0
2023-08-23,17.05,17.3,16.95,17.0,103711610.0
2023-08-24,17.1,17.2,16.9,16.95,65221207.0
2023-08-25,16.95,17.05,16.8,16.85,57171325.0
2023-08-28,16.9,17.0,16.75,16.8,48816935.0
2023-08-29,16.85,17.0,16.8,16.85,60519632.0
2023-08-30,16.9,17.0,16.8,16.8,76931357.0
2023-08-31,16.9,17.0,16.7,16.8,122502581.0
2023-09-01,16.85,17.6,16.7,17.35,392364788.0
2023-09-04,17.45,19.0,17.45,18.6,776578716.0
2023-09-05,18.8,19.1,17.9,18.15,368062167.0
2023-09-06,18.15,18.3,17.9,18.0,168431922.0
2023-09-07,18.15,18.85,18.05,18.55,230732062.0
2023-09-08,18.65,18.95,18.3,18.35,153694460.0
2023-09-11,18.5,18.6,18.25,18.4,133672969.0
2023-09-12,18.55,18.6,17.45,17.55,301858096.0
2023-09-13,17.5,17.85,17.3,17.7,229941097.0
2023-09-14,17.75,18.0,17.4,17.5,154490813.0
2023-09-15,17.55,18.4,17.45,18.3,358807251.0
2023-09-18,18.4,19.0,18.25,18.55,493458905.0
2023-09-20,18.4,18.45,17.85,18.0,179937051.0
2023-09-21,18.05,18.2,17.65,17.7,180166816.0
2023-09-22,17.7,18.0,17.5,17.65,141097202.0
2023-09-25,17.75,17.75,17.4,17.45,115437155.0
2023-09-26,17.5,17.55,17.25,17.35,104957648.0
2023-09-27,17.4,17.7,17.3,17.35,160278361.0
2023-09-28,17.4,17.7,17.2,17.25,136298936.0
2023-09-29,17.4,17.45,17.0,17.25,135475544.0
2023-10-03,17.25,17.4,17.1,17.2,79015930.0
2023-10-04,17.2,17.5,17.05,17.2,154229605.0
2023-10-05,17.25,17.4,17.05,17.15,94470407.0
2023-10-06,17.2,17.5,17.15,17.3,130610068.0
2023-10-09,17.2,17.2,16.85,16.9,103002467.0
2023-10-10,17.0,17.15,16.95,17.05,65790049.0
2023-10-11,17.1,17.35,17.0,17.05,82337766.0
2023-10-12,17.1,17.25,17.05,17.1,49467423.0
2023-10-13,17.05,17.2,17.05,17.1,53963713.0
2023-10-16,17.15,17.2,17.05,17.05,67053870.0
2023-10-17,17.15,17.3,17.05,17.1,76798183.0
2023-10-18,17.15,17.25,16.95,17.05,76543547.0
2023-10-19,17.1,17.25,17.0,17.05,69004632.0
2023-10-20,17.1,17.85,17.05,17.3,242605105.0
2023-10-23,17.4,17.45,16.2,16.35,239210207.0
2023-10-25,16.4,16.7,15.85,16.0,156556497.0
2023-10-26,16.0,16.05,15.7,15.9,153370332.0
2023-10-27,15.95,16.15,15.9,15.95,74336446.0
2023-10-30,16.05,16.1,15.85,15.95,120388059.0
2023-10-31,16.1,16.15,15.9,15.95,52455781.0
2023-11-01,16.0,16.25,15.95,16.0,68205389.0
2023-11-02,16.1,16.2,15.9,16.05,77309428.0
2023-11-03,16.15,16.65,16.1,16.45,173537061.0
2023-11-06,16.55,16.9,16.5,16.7,146210916.0
2023-11-07,16.75,16.9,16.7,16.8,107607382.0
2023-11-08,16.9,18.3,16.85,17.95,460583338.0
2023-11-09,18.35,18.8,18.0,18.35,524322630.0
2023-11-10,18.35,18.55,18.15,18.3,188889074.0
2023-11-12,18.5,18.6,18.35,18.4,50380572.0
2023-11-13,18.4,19.5,18.15,19.4,493509056.0
2023-11-15,19.65,20.6,19.6,20.35,664202872.0
2023-11-16,20.4,20.6,19.9,20.15,270319207.0
2023-11-17,20.05,21.15,19.8,20.8,611686157.0
2023-11-20,20.9,21.1,20.0,20.15,290789131.0
2023-11-21,20.3,20.45,19.6,19.7,206049431.0
2023-11-22,19.7,19.85,19.05,19.2,195379978.0
2023-11-23,19.3,20.3,19.25,20.15,262350330.0
2023-11-24,20.3,20.4,19.6,19.8,168959338.0
2023-11-28,19.85,20.0,19.4,19.75,279844132.0
2023-11-29,19.85,20.45,19.8,19.85,204911091.0
2023-11-30,19.85,19.9,19.2,19.35,259007784.0
2023-12-01,19.45,19.65,19.2,19.3,123823351.0
2023-12-04,19.65,19.75,19.3,19.55,130093389.0
2023-12-05,19.55,19.85,19.35,19.6,152090824.0
2023-12-06,19.7,19.85,19.4,19.75,169448494.0
2023-12-07,19.75,20.45,19.5,20.05,300341296.0
2023-12-08,20.2,20.45,19.75,19.9,158754847.0
2023-12-11,20.0,20.75,19.95,20.25,267650645.0
2023-12-12,20.5,21.85,20.5,21.3,781360562.0
2023-12-13,21.55,21.7,20.9,21.2,342846077.0
2023-12-14,21.5,22.1,21.3,21.4,339666217.0
2023-12-15,21.95,22.1,21.4,21.95,337939556.0
2023-12-18,22.0,23.0,21.65,22.8,542808852.0
2023-12-19,22.9,23.05,22.05,22.15,310394626.0
2023-12-20,22.35,22.45,20.25,20.5,397366094.0
2023-12-21,20.15,21.25,19.95,21.15,318567154.0
2023-12-22,21.25,21.45,20.8,21.05,279614591.0
2023-12-26,21.15,21.35,20.85,20.95,156456958.0
2023-12-27,21.1,21.25,20.85,20.95,115159241.0
2023-12-28,21.0,21.15,20.8,20.85,127826051.0
2023-12-29,20.9,21.8,20.7,21.45,226340962.0
2024-01-01,21.5,23.0,21.4,22.65,577972312.0
2024-01-02,22.7,23.7,22.3,23.2,618101025.0
2024-01-03,23.25,23.75,22.75,22.9,378099590.0
2024-01-04,23.05,23.6,22.9,23.25,271346506.0
2024-01-05,23.35,24.3,23.25,24.0,561257556.0
2024-01-08,24.3,24.45,23.45,24.2,546082056.0
2024-01-09,24.4,25.0,24.1,24.2,474325248.0
2024-01-10,24.15,25.65,24.0,25.5,706576963.0
2024-01-11,25.6,25.95,25.15,25.55,410909551.0
2024-01-12,25.65,25.7,24.6,24.9,264160446.0
2024-01-15,25.0,25.3,24.6,24.75,239737801.0
2024-01-16,24.95,26.25,24.9,25.65,555808959.0
2024-01-17,25.4,25.65,24.65,24.75,407818402.0
2024-01-18,24.7,25.1,23.9,24.95,308605574.0
2024-01-19,25.1,25.55,25.1,25.15,184495376.0
2024-01-20,25.3,25.45,25.1,25.25,115224398.0
2024-01-23,25.45,25.6,23.9,24.05,292673233.0
2024-01-24,24.15,24.8,23.65,24.7,240904515.0
2024-01-25,24.8,25.3,24.7,24.85,213588805.0
2024-01-29,25.3,25.5,24.25,24.35,300993947.0
2024-01-30,24.45,24.5,23.8,23.9,219652035.0
2024-01-31,24.0,24.3,23.9,24.1,164453372.0
2024-02-01,24.1,24.25,23.7,23.9,193648566.0
2024-02-02,23.95,24.15,23.6,23.7,164885094.0
2024-02-05,23.7,23.8,22.6,22.8,225297171.0
2024-02-06,23.1,25.7,23.0,25.4,807723717.0
2024-02-07,26.1,30.45,25.95,29.8,1615426506.0
2024-02-08,31.1,32.7,28.9,30.0,2038376473.0
2024-02-09,30.2,32.85,29.25,31.4,1571172149.0
2024-02-12,31.95,32.35,28.0,28.3,571969199.0
2024-02-13,28.45,28.95,26.75,27.85,317180197.0
2024-02-14,27.15,28.95,27.0,28.7,246006958.0
2024-02-15,29.0,29.8,28.7,29.0,248464035.0
2024-02-16,29.25,29.7,28.3,28.4,204865939.0
2024-02-19,28.5,28.55,27.0,27.1,357958339.0
2024-02-20,27.1,27.35,26.45,26.6,369440835.0
2024-02-21,26.85,27.1,25.4,25.55,435692162.0
2024-02-22,25.8,27.35,24.95,27.15,667905535.0
2024-02-23,26.85,27.4,26.1,26.2,353166971.0
2024-02-26,26.0,26.0,25.1,25.25,271088654.0
2024-02-27,25.3,26.15,25.0,25.1,312044110.0
2024-02-28,25.35,25.45,23.6,23.8,372869982.0
2024-02-29,24.15,24.8,23.85,24.45,362379098.0
2024-03-01,24.9,25.1,24.55,24.95,214554855.0
2024-03-02,25.05,25.35,24.85,25.25,39643813.0
2024-03-04,25.35,25.7,24.6,24.8,183649074.0
2024-03-05,24.8,25.0,24.4,24.5,173143571.0
2024-03-06,24.5,24.5,23.5,23.6,310625402.0
2024-03-07,23.7,24.2,23.65,23.85,172310156.0
2024-03-11,24.0,24.3,23.55,23.65,176614273.0
2024-03-12,23.75,23.85,22.7,22.85,219277943.0
2024-03-13,22.9,23.1,20.75,20.95,604559562.0
2024-03-14,20.95,23.75,20.55,23.45,619816481.0
2024-03-15,23.65,24.4,22.75,23.8,535542732.0
2024-03-18,23.9,24.1,23.25,23.45,258256717.0
2024-03-19,23.4,23.7,22.85,22.95,215509042.0
2024-03-20,23.25,23.6,22.8,23.05,194241830.0
2024-03-21,23.35,23.65,23.1,23.4,176412547.0
2024-03-22,23.4,24.2,23.2,23.9,261281861.0
2024-03-26,23.9,24.15,23.45,23.55,214847555.0
2024-03-27,23.55,23.75,23.0,23.15,181249947.0
2024-03-28,23.2,23.6,23.1,23.2,189198317.0
